x,y,z
-0.9593228,4.499664,0.0015
-0.9846998,4.498585,0.0015
-0.9571645,4.44891,0.0015
-0.9825415,4.447831,0.0015
-0.9636394,4.601172,0.0015
-0.9890165,4.600093,0.0015
-0.9614811,4.550418,0.0015
-0.9868581,4.549339,0.0015
-0.967956,4.702681,0.0015
-0.9933331,4.701602,0.0015
-0.9657977,4.651927,0.0015
-0.9911748,4.650847,0.0015
-0.980294,4.805113,0.0015
-1.005249,4.800382,0.0015
-0.9708312,4.755202,0.0015
-0.9957867,4.750471,0.0015
-0.9992194,4.904935,0.0015
-1.024175,4.900204,0.0015
-0.9897567,4.855024,0.0015
-1.014712,4.850293,0.0015
-1.018145,5.004757,0.0015
-1.0431,5.000026,0.0015
-1.008682,4.954846,0.0015
-1.033638,4.950115,0.0015
-1.049845,5.10354,0.0015
-1.073227,5.093618,0.0015
-1.030001,5.056776,0.0015
-1.053382,5.046854,0.0015
-1.089534,5.197067,0.0015
-1.112915,5.187145,0.0015
-1.069689,5.150304,0.0015
-1.093071,5.140382,0.0015
-1.129222,5.290595,0.0015
-1.152604,5.280673,0.0015
-1.109378,5.243831,0.0015
-1.13276,5.233909,0.0015
-1.178375,5.381414,0.0015
-1.199961,5.368028,0.0015
-1.151602,5.338242,0.0015
-1.173188,5.324855,0.0015
-1.231921,5.467759,0.0015
-1.253507,5.454372,0.0015
-1.205148,5.424586,0.0015
-1.226734,5.4112,0.0015
-1.285467,5.554103,0.0015
-1.307053,5.540717,0.0015
-1.258694,5.510931,0.0015
-1.28028,5.497544,0.0015
-1.346315,5.637136,0.0015
-1.36617,5.621294,0.0015
-1.314632,5.597427,0.0015
-1.334486,5.581585,0.0015
-1.409682,5.716554,0.0015
-1.429536,5.700712,0.0015
-1.377999,5.676845,0.0015
-1.397853,5.661003,0.0015
-1.473049,5.795972,0.0015
-1.492903,5.78013,0.0015
-1.441365,5.756263,0.0015
-1.46122,5.740421,0.0015
-1.543347,5.871124,0.0015
-1.56127,5.853125,0.0015
-1.50735,5.83528,0.0015
-1.525272,5.817281,0.0015
-1.615342,5.942813,0.0015
-1.633264,5.924814,0.0015
-1.579345,5.906969,0.0015
-1.597267,5.88897,0.0015
-1.687337,6.014502,0.0015
-1.705259,5.996504,0.0015
-1.651339,5.978658,0.0015
-1.669262,5.960659,0.0015
-1.764743,6.081965,0.0015
-1.780943,6.062401,0.0015
-1.725616,6.049565,0.0015
-1.741816,6.030002,0.0015
-1.842997,6.146764,0.0015
-1.859197,6.1272,0.0015
-1.80387,6.114364,0.0015
-1.82007,6.094801,0.0015
-1.921251,6.211562,0.0015
-1.93745,6.191999,0.0015
-1.882124,6.179163,0.0015
-1.898324,6.159599,0.0015
-2.004773,6.271321,0.0015
-2.019089,6.25034,0.0015
-1.962811,6.24269,0.0015
-1.977126,6.221708,0.0015
-2.088699,6.328584,0.0015
-2.103015,6.307603,0.0015
-2.046736,6.299953,0.0015
-2.061052,6.278972,0.0015
-2.172624,6.385848,0.0015
-2.18694,6.364866,0.0015
-2.130662,6.357216,0.0015
-2.144977,6.336235,0.0015
-2.2629,6.435473,0.0015
-2.274577,6.412916,0.0015
-2.217786,6.412119,0.0015
-2.229463,6.389562,0.0015
-2.353127,6.48218,0.0015
-2.364804,6.459623,0.0015
-2.308013,6.458826,0.0015
-2.31969,6.436269,0.0015
-2.443355,6.528887,0.0015
-2.455031,6.50633,0.0015
-2.398241,6.505534,0.0015
-2.409918,6.482977,0.0015
-2.539049,6.567009,0.0015
-2.547969,6.543227,0.0015
-2.491485,6.549168,0.0015
-2.500405,6.525386,0.0015
-2.634177,6.602691,0.0015
-2.643097,6.578909,0.0015
-2.586613,6.58485,0.0015
-2.595533,6.561068,0.0015
-2.729305,6.638373,0.0015
-2.738225,6.614591,0.0015
-2.681741,6.620532,0.0015
-2.690661,6.59675,0.0015
-2.830476,6.66045,0.0015
-2.83533,6.635518,0.0015
-2.780612,6.650743,0.0015
-2.785466,6.625811,0.0015
-2.930204,6.679864,0.0015
-2.935057,6.654932,0.0015
-2.88034,6.670157,0.0015
-2.885193,6.645225,0.0015
-3.029932,6.699278,0.0015
-3.034785,6.674346,0.0015
-2.980068,6.689571,0.0015
-2.984921,6.664639,0.0015
-3.133452,6.703495,0.0015
-3.134083,6.678103,0.0015
-3.082668,6.702233,0.0015
-3.083299,6.676841,0.0015
-3.235021,6.706021,0.0015
-3.235652,6.680629,0.0015
-3.184236,6.704758,0.0015
-3.184868,6.679366,0.0015
-3.336589,6.708547,0.0015
-3.337221,6.683155,0.0015
-3.285805,6.707284,0.0015
-3.286436,6.681892,0.0015
-3.438902,6.705153,0.0015
-3.437977,6.67977,0.0015
-3.388136,6.707004,0.0015
-3.38721,6.68162,0.0015
-3.540434,6.701453,0.0015
-3.539509,6.676069,0.0015
-3.489668,6.703303,0.0015
-3.488743,6.67792,0.0015
-3.641967,6.697752,0.0015
-3.641042,6.672369,0.0015
-3.591201,6.699602,0.0015
-3.590276,6.674219,0.0015
-3.743363,6.695451,0.0015
-3.742793,6.670057,0.0015
-3.692576,6.696591,0.0015
-3.692006,6.671198,0.0015
-3.844938,6.69317,0.0015
-3.844367,6.667776,0.0015
-3.79415,6.69431,0.0015
-3.79358,6.668917,0.0015
-3.946513,6.690885,0.0015
-3.945941,6.665492,0.0015
-3.895726,6.692029,0.0015
-3.895154,6.666636,0.0015
-4.048111,6.688365,0.0015
-4.047481,6.662973,0.0015
-3.997326,6.689625,0.0015
-3.996696,6.664233,0.0015
-4.149679,6.685846,0.0015
-4.149049,6.660454,0.0015
-4.098895,6.687105,0.0015
-4.098265,6.661713,0.0015
-4.251248,6.683328,0.0015
-4.250619,6.657936,0.0015
-4.200463,6.684586,0.0015
-4.199834,6.659194,0.0015
-4.352813,6.680849,0.0015
-4.352193,6.655457,0.0015
-4.302028,6.682089,0.0015
-4.301408,6.656696,0.0015
-4.454383,6.67837,0.0015
-4.453763,6.652977,0.0015
-4.403598,6.679609,0.0015
-4.402978,6.654217,0.0015
-4.555952,6.67589,0.0015
-4.555332,6.650497,0.0015
-4.505168,6.67713,0.0015
-4.504547,6.651738,0.0015
-4.657523,6.673404,0.0015
-4.656901,6.648012,0.0015
-4.606738,6.674647,0.0015
-4.606116,6.649255,0.0015
-4.759092,6.670918,0.0015
-4.758471,6.645526,0.0015
-4.708307,6.672161,0.0015
-4.707686,6.646769,0.0015
-4.860662,6.668432,0.0015
-4.86004,6.64304,0.0015
-4.809877,6.669675,0.0015
-4.809256,6.644283,0.0015
-4.962231,6.665947,0.0015
-4.96161,6.640555,0.0015
-4.911447,6.66719,0.0015
-4.910825,6.641797,0.0015
-5.063801,6.663462,0.0015
-5.06318,6.638069,0.0015
-5.013016,6.664704,0.0015
-5.012395,6.639312,0.0015
-5.16537,6.660977,0.0015
-5.164749,6.635584,0.0015
-5.114586,6.662219,0.0015
-5.113965,6.636827,0.0015
-5.26694,6.658494,0.0015
-5.266319,6.633102,0.0015
-5.216155,6.659736,0.0015
-5.215534,6.634343,0.0015
-5.36851,6.656012,0.0015
-5.367889,6.630619,0.0015
-5.317725,6.657253,0.0015
-5.317104,6.63186,0.0015
-5.47008,6.653526,0.0015
-5.469458,6.628133,0.0015
-5.419295,6.65477,0.0015
-5.418673,6.629378,0.0015
-5.571651,6.651026,0.0015
-5.571026,6.625634,0.0015
-5.520866,6.652276,0.0015
-5.520241,6.626884,0.0015
-5.67322,6.648526,0.0015
-5.672595,6.623134,0.0015
-5.622435,6.649776,0.0015
-5.62181,6.624384,0.0015
-5.774784,6.646049,0.0015
-5.77417,6.620656,0.0015
-5.723999,6.647276,0.0015
-5.723385,6.621884,0.0015
-5.876349,6.64365,0.0015
-5.875749,6.618257,0.0015
-5.825563,6.644849,0.0015
-5.824963,6.619456,0.0015
-5.97792,6.641251,0.0015
-5.977321,6.615858,0.0015
-5.927135,6.64245,0.0015
-5.926535,6.617057,0.0015
-6.079525,6.638702,0.0015
-6.078851,6.613311,0.0015
-6.028743,6.64005,0.0015
-6.028069,6.614659,0.0015
-6.181118,6.635712,0.0015
-6.180371,6.610323,0.0015
-6.13034,6.637206,0.0015
-6.129593,6.611817,0.0015
-6.282674,6.632724,0.0015
-6.281927,6.607335,0.0015
-6.231896,6.634218,0.0015
-6.231149,6.608829,0.0015
-6.383995,6.630728,0.0015
-6.383742,6.60533,0.0015
-6.333205,6.631234,0.0015
-6.332952,6.605836,0.0015
-6.485411,6.631179,0.0015
-6.485524,6.605779,0.0015
-6.434612,6.630954,0.0015
-6.434724,6.605554,0.0015
-6.58701,6.631628,0.0015
-6.587123,6.606228,0.0015
-6.536211,6.631403,0.0015
-6.536323,6.606004,0.0015
-6.689467,6.627257,0.0015
-6.687189,6.601959,0.0015
-6.639005,6.631802,0.0015
-6.636727,6.606504,0.0015
-6.790695,6.612403,0.0015
-6.787002,6.587273,0.0015
-6.740434,6.619788,0.0015
-6.736742,6.594658,0.0015
-6.891215,6.597633,0.0015
-6.887523,6.572503,0.0015
-6.840955,6.605018,0.0015
-6.837262,6.579888,0.0015
-6.991907,6.580158,0.0015
-6.986915,6.555253,0.0015
-6.942125,6.590135,0.0015
-6.937134,6.56523,0.0015
-7.09134,6.55799,0.0015
-7.085812,6.533199,0.0015
-7.041757,6.569045,0.0015
-7.036229,6.544254,0.0015
-7.190504,6.535878,0.0015
-7.184976,6.511087,0.0015
-7.140922,6.546934,0.0015
-7.135394,6.522143,0.0015
-7.289586,6.509898,0.0015
-7.282238,6.485584,0.0015
-7.240997,6.524584,0.0015
-7.233648,6.50027,0.0015
-7.386454,6.478372,0.0015
-7.378593,6.454219,0.0015
-7.338148,6.494094,0.0015
-7.330287,6.469942,0.0015
-7.483065,6.446926,0.0015
-7.475204,6.422773,0.0015
-7.43476,6.462649,0.0015
-7.426898,6.438496,0.0015
-7.578591,6.408308,0.0015
-7.567456,6.385479,0.0015
-7.533008,6.430541,0.0015
-7.521873,6.407712,0.0015
-7.669096,6.361484,0.0015
-7.657424,6.338925,0.0015
-7.623978,6.384829,0.0015
-7.612306,6.362269,0.0015
-7.759333,6.314795,0.0015
-7.747661,6.292236,0.0015
-7.714215,6.338139,0.0015
-7.702542,6.31558,0.0015
-7.844121,6.254523,0.0015
-7.826644,6.236092,0.0015
-7.807354,6.289386,0.0015
-7.789877,6.270955,0.0015
-7.916719,6.183112,0.0015
-7.898907,6.165005,0.0015
-7.880504,6.218737,0.0015
-7.862692,6.200629,0.0015
-7.989149,6.111864,0.0015
-7.971337,6.093756,0.0015
-7.952934,6.147488,0.0015
-7.935122,6.12938,0.0015
-8.05682,6.033871,0.0015
-8.036433,6.018721,0.0015
-8.026519,6.074645,0.0015
-8.006133,6.059495,0.0015
-8.117421,5.952323,0.0015
-8.097034,5.937173,0.0015
-8.087121,5.993097,0.0015
-8.066734,5.977947,0.0015
-8.178022,5.870775,0.0015
-8.157635,5.855625,0.0015
-8.147722,5.911549,0.0015
-8.127335,5.896399,0.0015
-8.235313,5.785674,0.0015
-8.213712,5.772311,0.0015
-8.208588,5.828876,0.0015
-8.186987,5.815513,0.0015
-8.288763,5.699269,0.0015
-8.267162,5.685907,0.0015
-8.262038,5.742472,0.0015
-8.240437,5.729109,0.0015
-8.342213,5.612865,0.0015
-8.320612,5.599503,0.0015
-8.315488,5.656067,0.0015
-8.293887,5.642705,0.0015
-8.392827,5.523903,0.0015
-8.370426,5.51193,0.0015
-8.368879,5.568705,0.0015
-8.346479,5.556731,0.0015
-8.440721,5.434301,0.0015
-8.41832,5.422327,0.0015
-8.416774,5.479102,0.0015
-8.394373,5.467128,0.0015
-8.488615,5.344698,0.0015
-8.466215,5.332724,0.0015
-8.464668,5.389499,0.0015
-8.442268,5.377525,0.0015
-8.533778,5.252958,0.0015
-8.51076,5.242217,0.0015
-8.512297,5.298992,0.0015
-8.48928,5.288252,0.0015
-8.57674,5.160888,0.0015
-8.553722,5.150147,0.0015
-8.555259,5.206923,0.0015
-8.532241,5.196182,0.0015
-8.619701,5.068818,0.0015
-8.596684,5.058078,0.0015
-8.598221,5.114853,0.0015
-8.575203,5.104112,0.0015
-8.660638,4.975339,0.0015
-8.637243,4.965449,0.0015
-8.640859,5.02213,0.0015
-8.617463,5.01224,0.0015
-8.700198,4.881757,0.0015
-8.676802,4.871867,0.0015
-8.680418,4.928548,0.0015
-8.657023,4.918658,0.0015
-8.739757,4.788175,0.0015
-8.716362,4.778285,0.0015
-8.719977,4.834966,0.0015
-8.696582,4.825076,0.0015
-8.777397,4.693377,0.0015
-8.753696,4.684243,0.0015
-8.759129,4.740779,0.0015
-8.735428,4.731645,0.0015
-8.813933,4.598574,0.0015
-8.790232,4.58944,0.0015
-8.795665,4.645976,0.0015
-8.771964,4.636842,0.0015
-8.850469,4.503771,0.0015
-8.826768,4.494637,0.0015
-8.832201,4.551172,0.0015
-8.8085,4.542038,0.0015
-8.884292,4.407418,0.0015
-8.860227,4.39929,0.0015
-8.868034,4.455547,0.0015
-8.84397,4.447418,0.0015
-8.916806,4.311162,0.0015
-8.892742,4.303033,0.0015
-8.900549,4.35929,0.0015
-8.876485,4.351161,0.0015
-8.94932,4.214905,0.0015
-8.925256,4.206776,0.0015
-8.933063,4.263033,0.0015
-8.908999,4.254905,0.0015
-8.978964,4.117192,0.0015
-8.954583,4.110068,0.0015
-8.964716,4.165953,0.0015
-8.940335,4.158829,0.0015
-9.00746,4.01967,0.0015
-8.983079,4.012546,0.0015
-8.993212,4.068431,0.0015
-8.968831,4.061307,0.0015
-9.035956,3.922148,0.0015
-9.011575,3.915024,0.0015
-9.021708,3.970909,0.0015
-8.997327,3.963785,0.0015
-9.062002,3.823517,0.0015
-9.037398,3.817206,0.0015
-9.049378,3.872724,0.0015
-9.024775,3.866412,0.0015
-9.087249,3.725104,0.0015
-9.062646,3.718792,0.0015
-9.074625,3.774311,0.0015
-9.050022,3.767999,0.0015
-9.112496,3.626691,0.0015
-9.087893,3.620379,0.0015
-9.099872,3.675898,0.0015
-9.075269,3.669586,0.0015
-9.134596,3.527015,0.0015
-9.10976,3.521694,0.0015
-9.123954,3.576687,0.0015
-9.099118,3.571367,0.0015
-9.15588,3.427669,0.0015
-9.131044,3.422348,0.0015
-9.145238,3.477342,0.0015
-9.120402,3.472021,0.0015
-9.177164,3.328323,0.0015
-9.152327,3.323002,0.0015
-9.166522,3.377996,0.0015
-9.141686,3.372675,0.0015
-9.192803,3.227094,0.0015
-9.167664,3.223464,0.0015
-9.185542,3.277373,0.0015
-9.160403,3.273742,0.0015
-9.207325,3.126537,0.0015
-9.182186,3.122907,0.0015
-9.200064,3.176816,0.0015
-9.174925,3.173185,0.0015
-9.221847,3.025981,0.0015
-9.196708,3.02235,0.0015
-9.214586,3.076259,0.0015
-9.189447,3.072629,0.0015
-9.231248,2.924095,0.0015
-9.205941,2.921925,0.0015
-9.226907,2.97471,0.0015
-9.2016,2.972539,0.0015
-9.239931,2.822867,0.0015
-9.214624,2.820696,0.0015
-9.23559,2.873481,0.0015
-9.210283,2.871311,0.0015
-9.248614,2.721639,0.0015
-9.223307,2.719468,0.0015
-9.244273,2.772253,0.0015
-9.218966,2.770082,0.0015
-9.250005,2.61908,0.0015
-9.224605,2.618886,0.0015
-9.249617,2.669878,0.0015
-9.224218,2.669685,0.0015
-9.250779,2.517483,0.0015
-9.22538,2.517289,0.0015
-9.250392,2.568281,0.0015
-9.224993,2.568088,0.0015
-9.251554,2.415886,0.0015
-9.226155,2.415692,0.0015
-9.251167,2.466684,0.0015
-9.225767,2.466491,0.0015
-9.241285,2.3134,0.0015
-9.216023,2.316045,0.0015
-9.246575,2.363924,0.0015
-9.221313,2.366569,0.0015
-9.230705,2.212353,0.0015
-9.205443,2.214998,0.0015
-9.235995,2.262877,0.0015
-9.210733,2.265522,0.0015
-9.219998,2.111298,0.0015
-9.194742,2.114006,0.0015
-9.225412,2.161798,0.0015
-9.200157,2.164505,0.0015
-9.1916,2.011483,0.0015
-9.167182,2.018478,0.0015
-9.205589,2.060319,0.0015
-9.181172,2.067313,0.0015
-9.163621,1.913811,0.0015
-9.139203,1.920806,0.0015
-9.17761,1.962647,0.0015
-9.153192,1.969642,0.0015
-9.134162,1.81639,0.0015
-9.10996,1.824099,0.0015
-9.149523,1.864619,0.0015
-9.125321,1.872327,0.0015
-9.079341,1.727192,0.0015
-9.05775,1.740571,0.0015
-9.106099,1.770373,0.0015
-9.084508,1.783752,0.0015
-9.025825,1.640828,0.0015
-9.004234,1.654207,0.0015
-9.052583,1.68401,0.0015
-9.030992,1.697389,0.0015
-8.968949,1.556136,0.0015
-8.948401,1.571066,0.0015
-8.998546,1.596871,0.0015
-8.977997,1.611801,0.0015
-8.889368,1.488233,0.0015
-8.872948,1.507612,0.0015
-8.928126,1.521072,0.0015
-8.911707,1.540451,0.0015
-8.811851,1.422554,0.0015
-8.795432,1.441933,0.0015
-8.85061,1.455393,0.0015
-8.83419,1.474772,0.0015
-8.732827,1.358086,0.0015
-8.71714,1.378063,0.0015
-8.772726,1.389415,0.0015
-8.75704,1.409393,0.0015
-8.647727,1.300878,0.0015
-8.633564,1.321962,0.0015
-8.689896,1.329205,0.0015
-8.675733,1.35029,0.0015
-8.56339,1.244224,0.0015
-8.549226,1.265308,0.0015
-8.605559,1.272551,0.0015
-8.591395,1.293635,0.0015
-8.478426,1.188157,0.0015
-8.464611,1.209472,0.0015
-8.521047,1.215782,0.0015
-8.507231,1.237096,0.0015
-8.391583,1.134829,0.0015
-8.378292,1.156475,0.0015
-8.434873,1.161411,0.0015
-8.421583,1.183056,0.0015
-8.305001,1.081667,0.0015
-8.291711,1.103313,0.0015
-8.348292,1.108248,0.0015
-8.335001,1.129894,0.0015
-8.218003,1.028923,0.0015
-8.204958,1.050717,0.0015
-8.261588,1.055012,0.0015
-8.248543,1.076806,0.0015
-8.130032,0.9777711,0.0015
-8.117265,0.999729,0.0015
-8.173948,1.003306,0.0015
-8.161181,1.025264,0.0015
-8.042201,0.9267008,0.0015
-8.029433,0.9486587,0.0015
-8.086117,0.9522359,0.0015
-8.073349,0.9741938,0.0015
-7.953808,0.8762234,0.0015
-7.941385,0.898378,0.0015
-7.998113,0.9010673,0.0015
-7.98569,0.9232219,0.0015
-7.864389,0.8276326,0.0015
-7.852262,0.8499505,0.0015
-7.909025,0.8518872,0.0015
-7.896897,0.8742051,0.0015
-7.775117,0.7791234,0.0015
-7.76299,0.8014413,0.0015
-7.819753,0.803378,0.0015
-7.807626,0.8256959,0.0015
-7.685088,0.7314694,0.0015
-7.673451,0.7540471,0.0015
-7.730236,0.754739,0.0015
-7.718599,0.7773166,0.0015
-7.593969,0.6861224,0.0015
-7.582652,0.7088622,0.0015
-7.639448,0.7087554,0.0015
-7.628132,0.7314952,0.0015
-7.50301,0.6408565,0.0015
-7.491693,0.6635963,0.0015
-7.548489,0.6634895,0.0015
-7.537173,0.6862292,0.0015
-7.41165,0.5960679,0.0015
-7.400605,0.6189408,0.0015
-7.457394,0.6181569,0.0015
-7.446349,0.6410299,0.0015
-7.319841,0.5523818,0.0015
-7.308927,0.5753176,0.0015
-7.365713,0.5742091,0.0015
-7.354799,0.5971449,0.0015
-7.228098,0.5087272,0.0015
-7.217184,0.531663,0.0015
-7.273969,0.5305545,0.0015
-7.263056,0.5534903,0.0015
-7.136053,0.4654425,0.0015
-7.125349,0.4884768,0.0015
-7.182121,0.4868506,0.0015
-7.171417,0.5098849,0.0015
-7.043745,0.4228992,0.0015
-7.033114,0.4459672,0.0015
-7.089881,0.4441625,0.0015
-7.07925,0.4672304,0.0015
-6.951474,0.3803728,0.0015
-6.940842,0.4034407,0.0015
-6.99761,0.401636,0.0015
-6.986978,0.424704,0.0015
-6.859111,0.3379598,0.0015
-6.848544,0.3610571,0.0015
-6.905306,0.3590949,0.0015
-6.894738,0.3821922,0.0015
-6.766687,0.2957459,0.0015
-6.756134,0.3188501,0.0015
-6.812895,0.3168511,0.0015
-6.802343,0.3399553,0.0015
-6.67427,0.2535354,0.0015
-6.663718,0.2766396,0.0015
-6.720479,0.2746407,0.0015
-6.709926,0.2977448,0.0015
-6.582083,0.21104,0.0015
-6.571369,0.2340699,0.0015
-6.628143,0.2324673,0.0015
-6.617429,0.2554972,0.0015
-6.490016,0.1681015,0.0015
-6.47928,0.191121,0.0015
-6.536055,0.1895733,0.0015
-6.525319,0.2125929,0.0015
-6.397938,0.1251577,0.0015
-6.387202,0.1481772,0.0015
-6.443977,0.1466296,0.0015
-6.433241,0.1696491,0.0015
-6.305912,0.08214887,0.0015
-6.29514,0.1051512,0.0015
-6.351917,0.1036944,0.0015
-6.341144,0.1266968,0.0015
-6.213908,0.03904985,0.0015
-6.203133,0.0620512,0.0015
-6.259911,0.06059961,0.0015
-6.249136,0.08360096,0.0015
-6.121903,-0.004049664,0.0015
-6.111128,0.01895168,0.0015
-6.167905,0.01750009,0.0015
-6.15713,0.04050144,0.0015
-6.031105,-0.04858976,0.0015
-6.019522,-0.0259845,0.0015
-6.076315,-0.02542408,0.0015
-6.064732,-0.00281882,0.0015
-5.940684,-0.09492113,0.0015
-5.929101,-0.07231587,0.0015
-5.985894,-0.07175544,0.0015
-5.974311,-0.04915018,0.0015
-5.850262,-0.1412525,0.0015
-5.83868,-0.1186472,0.0015
-5.895473,-0.1180868,0.0015
-5.88389,-0.09548155,0.0015
-5.761495,-0.1894613,0.0015
-5.748924,-0.1673904,0.0015
-5.805637,-0.1643187,0.0015
-5.793066,-0.1422478,0.0015
-5.673212,-0.2397465,0.0015
-5.66064,-0.2176757,0.0015
-5.717353,-0.2146039,0.0015
-5.704782,-0.1925331,0.0015
-5.584928,-0.2900317,0.0015
-5.572357,-0.2679609,0.0015
-5.62907,-0.2648891,0.0015
-5.616499,-0.2428183,0.0015
-5.496784,-0.3404709,0.0015
-5.484136,-0.3184438,0.0015
-5.540838,-0.3151752,0.0015
-5.52819,-0.2931481,0.0015
-5.408676,-0.3910623,0.0015
-5.396028,-0.3690353,0.0015
-5.45273,-0.3657666,0.0015
-5.440082,-0.3437395,0.0015
-5.320567,-0.4416537,0.0015
-5.307919,-0.4196267,0.0015
-5.364621,-0.416358,0.0015
-5.351974,-0.394331,0.0015
-5.23212,-0.4918589,0.0015
-5.219653,-0.4697291,0.0015
-5.276379,-0.4669244,0.0015
-5.263912,-0.4447946,0.0015
-5.143601,-0.5417279,0.0015
-5.131133,-0.5195981,0.0015
-5.18786,-0.5167934,0.0015
-5.175393,-0.4946636,0.0015
-5.055081,-0.5915968,0.0015
-5.042614,-0.569467,0.0015
-5.099341,-0.5666624,0.0015
-5.086874,-0.5445326,0.0015
-4.966213,-0.6410529,0.0015
-4.953927,-0.6188217,0.0015
-5.010675,-0.6164815,0.0015
-4.998389,-0.5942504,0.0015
-4.877288,-0.6901955,0.0015
-4.865003,-0.6679644,0.0015
-4.921751,-0.6656242,0.0015
-4.909465,-0.6433931,0.0015
-4.788364,-0.7393381,0.0015
-4.776078,-0.717107,0.0015
-4.832826,-0.7147668,0.0015
-4.82054,-0.6925357,0.0015
-4.699158,-0.7881364,0.0015
-4.687015,-0.765827,0.0015
-4.743776,-0.7638505,0.0015
-4.731633,-0.7415411,0.0015
-4.60992,-0.836708,0.0015
-4.597777,-0.8143986,0.0015
-4.654539,-0.8124222,0.0015
-4.642396,-0.7901128,0.0015
-4.520682,-0.8852797,0.0015
-4.508539,-0.8629703,0.0015
-4.565301,-0.8609939,0.0015
-4.553158,-0.8386845,0.0015
-4.431475,-0.9338897,0.0015
-4.419317,-0.9115885,0.0015
-4.476078,-0.9095739,0.0015
-4.46392,-0.8872726,0.0015
-4.342271,-0.9825215,0.0015
-4.330113,-0.9602203,0.0015
-4.386873,-0.9582056,0.0015
-4.374715,-0.9359044,0.0015
-4.253066,-1.031153,0.0015
-4.240908,-1.008852,0.0015
-4.297668,-1.006837,0.0015
-4.28551,-0.9845362,0.0015
-4.163927,-1.079869,0.0015
-4.151738,-1.057585,0.0015
-4.208495,-1.055491,0.0015
-4.196306,-1.033207,0.0015
-4.074791,-1.128626,0.0015
-4.062601,-1.106342,0.0015
-4.119359,-1.104248,0.0015
-4.10717,-1.081964,0.0015
-3.985654,-1.177383,0.0015
-3.973465,-1.155099,0.0015
-4.030222,-1.153005,0.0015
-4.018033,-1.130721,0.0015
-3.896586,-1.226229,0.0015
-3.884366,-1.203962,0.0015
-3.94112,-1.201788,0.0015
-3.9289,-1.179521,0.0015
-3.807519,-1.275111,0.0015
-3.795298,-1.252844,0.0015
-3.852053,-1.25067,0.0015
-3.839832,-1.228403,0.0015
-3.718451,-1.323993,0.0015
-3.70623,-1.301726,0.0015
-3.762985,-1.299552,0.0015
-3.750764,-1.277285,0.0015
-3.629423,-1.372928,0.0015
-3.617185,-1.35067,0.0015
-3.673938,-1.348451,0.0015
-3.661699,-1.326194,0.0015
-3.540394,-1.42188,0.0015
-3.528156,-1.399623,0.0015
-3.584908,-1.397404,0.0015
-3.57267,-1.375147,0.0015
-3.451365,-1.470833,0.0015
-3.439126,-1.448576,0.0015
-3.495879,-1.446357,0.0015
-3.483641,-1.424099,0.0015
-3.362323,-1.51977,0.0015
-3.35009,-1.49751,0.0015
-3.406844,-1.495304,0.0015
-3.39461,-1.473044,0.0015
-3.273283,-1.568703,0.0015
-3.26105,-1.546442,0.0015
-3.317803,-1.544236,0.0015
-3.30557,-1.521976,0.0015
-3.184243,-1.617635,0.0015
-3.17201,-1.595375,0.0015
-3.228763,-1.593169,0.0015
-3.21653,-1.570909,0.0015
-3.09519,-1.66655,0.0015
-3.082962,-1.644287,0.0015
-3.139716,-1.642095,0.0015
-3.127488,-1.619832,0.0015
-3.006138,-1.715461,0.0015
-2.99391,-1.693198,0.0015
-3.050664,-1.691006,0.0015
-3.038436,-1.668743,0.0015
-2.917086,-1.764372,0.0015
-2.904858,-1.742109,0.0015
-2.961612,-1.739917,0.0015
-2.949384,-1.717654,0.0015
-2.82802,-1.813265,0.0015
-2.815798,-1.791,0.0015
-2.872552,-1.788821,0.0015
-2.86033,-1.766555,0.0015
-2.738956,-1.862155,0.0015
-2.726734,-1.839889,0.0015
-2.783488,-1.83771,0.0015
-2.771266,-1.815444,0.0015
-2.649893,-1.911045,0.0015
-2.63767,-1.888779,0.0015
-2.694425,-1.8866,0.0015
-2.682202,-1.864334,0.0015
-2.560825,-1.959929,0.0015
-2.548604,-1.937663,0.0015
-2.605359,-1.935488,0.0015
-2.593138,-1.913221,0.0015
-2.471758,-2.008813,0.0015
-2.459537,-1.986546,0.0015
-2.516291,-1.984371,0.0015
-2.504071,-1.962105,0.0015
-2.382691,-2.057697,0.0015
-2.37047,-2.03543,0.0015
-2.427224,-2.033255,0.0015
-2.415003,-2.010988,0.0015
-2.293626,-2.106584,0.0015
-2.281404,-2.084318,0.0015
-2.338159,-2.08214,0.0015
-2.325937,-2.059874,0.0015
-2.204561,-2.155471,0.0015
-2.192339,-2.133205,0.0015
-2.249094,-2.131028,0.0015
-2.236872,-2.108761,0.0015
-2.115496,-2.204359,0.0015
-2.103274,-2.182092,0.0015
-2.160029,-2.179915,0.0015
-2.147807,-2.157649,0.0015
-2.026434,-2.253249,0.0015
-2.014211,-2.230984,0.0015
-2.070965,-2.228804,0.0015
-2.058742,-2.206538,0.0015
-1.93737,-2.30214,0.0015
-1.925148,-2.279875,0.0015
-1.981902,-2.277695,0.0015
-1.969679,-2.255429,0.0015
-1.848308,-2.351032,0.0015
-1.836085,-2.328766,0.0015
-1.892839,-2.326586,0.0015
-1.880616,-2.30432,0.0015
-1.759247,-2.399926,0.0015
-1.747023,-2.377661,0.0015
-1.803777,-2.375479,0.0015
-1.791554,-2.353213,0.0015
-1.670186,-2.44882,0.0015
-1.657962,-2.426555,0.0015
-1.714716,-2.424373,0.0015
-1.702493,-2.402108,0.0015
-1.581124,-2.497715,0.0015
-1.568901,-2.475449,0.0015
-1.625655,-2.473267,0.0015
-1.613431,-2.451002,0.0015
-1.492063,-2.546609,0.0015
-1.47984,-2.524344,0.0015
-1.536594,-2.522162,0.0015
-1.52437,-2.499897,0.0015
-1.403002,-2.595504,0.0015
-1.390779,-2.573239,0.0015
-1.447533,-2.571057,0.0015
-1.435309,-2.548791,0.0015
-1.313941,-2.644399,0.0015
-1.301718,-2.622133,0.0015
-1.358472,-2.619951,0.0015
-1.346248,-2.597686,0.0015
-1.22488,-2.693293,0.0015
-1.212656,-2.671027,0.0015
-1.26941,-2.668846,0.0015
-1.257187,-2.64658,0.0015
-1.135818,-2.742187,0.0015
-1.123595,-2.719921,0.0015
-1.180349,-2.71774,0.0015
-1.168125,-2.695474,0.0015
-1.046757,-2.791081,0.0015
-1.034533,-2.768815,0.0015
-1.091288,-2.766634,0.0015
-1.079064,-2.744368,0.0015
-0.9576951,-2.839974,0.0015
-0.9454717,-2.817709,0.0015
-1.002226,-2.815527,0.0015
-0.9900026,-2.793262,0.0015
-0.8686333,-2.888868,0.0015
-0.85641,-2.866602,0.0015
-0.9131642,-2.864421,0.0015
-0.9009408,-2.842155,0.0015
-0.7795715,-2.937761,0.0015
-0.7673482,-2.915495,0.0015
-0.8241025,-2.913314,0.0015
-0.8118791,-2.891049,0.0015
-0.6905095,-2.986654,0.0015
-0.6782863,-2.964388,0.0015
-0.7350405,-2.962207,0.0015
-0.7228173,-2.939942,0.0015
-0.6014475,-3.035547,0.0015
-0.5892243,-3.013281,0.0015
-0.6459785,-3.0111,0.0015
-0.6337553,-2.988835,0.0015
-0.5123855,-3.08444,0.0015
-0.5001623,-3.062174,0.0015
-0.5569165,-3.059993,0.0015
-0.5446933,-3.037728,0.0015
-0.4233234,-3.133333,0.0015
-0.4111002,-3.111067,0.0015
-0.4678545,-3.108886,0.0015
-0.4556313,-3.086621,0.0015
-0.3342614,-3.182226,0.0015
-0.3220382,-3.15996,0.0015
-0.3787924,-3.157779,0.0015
-0.3665692,-3.135514,0.0015
-0.2451993,-3.231118,0.0015
-0.2329761,-3.208853,0.0015
-0.2897304,-3.206672,0.0015
-0.2775071,-3.184406,0.0015
-0.1561372,-3.280011,0.0015
-0.143914,-3.257746,0.0015
-0.2006683,-3.255565,0.0015
-0.1884451,-3.233299,0.0015
-0.06707513,-3.328904,0.0015
-0.05485193,-3.306638,0.0015
-0.1116062,-3.304458,0.0015
-0.09938298,-3.282192,0.0015
0.02198698,-3.377797,0.0015
0.03421017,-3.355531,0.0015
-0.02254407,-3.35335,0.0015
-0.01032089,-3.331085,0.0015
0.1110491,-3.426689,0.0015
0.1232723,-3.404424,0.0015
0.06651805,-3.402243,0.0015
0.07874123,-3.379977,0.0015
0.2001113,-3.475582,0.0015
0.2123344,-3.453317,0.0015
0.1555802,-3.451136,0.0015
0.1678034,-3.42887,0.0015
0.2891733,-3.524475,0.0015
0.3013965,-3.502209,0.0015
0.2446423,-3.500028,0.0015
0.2568655,-3.477763,0.0015
0.3782352,-3.573368,0.0015
0.3904585,-3.551102,0.0015
0.3337042,-3.548921,0.0015
0.3459275,-3.526656,0.0015
0.4672971,-3.622261,0.0015
0.4795204,-3.599996,0.0015
0.4227662,-3.597814,0.0015
0.4349894,-3.575549,0.0015
0.5563588,-3.671154,0.0015
0.5685822,-3.648889,0.0015
0.511828,-3.646708,0.0015
0.5240515,-3.624442,0.0015
0.6454201,-3.720049,0.0015
0.6576436,-3.697783,0.0015
0.6008894,-3.695601,0.0015
0.6131129,-3.673336,0.0015
0.7344814,-3.768943,0.0015
0.746705,-3.746677,0.0015
0.6899507,-3.744496,0.0015
0.7021743,-3.72223,0.0015
0.8235424,-3.817837,0.0015
0.8357662,-3.795572,0.0015
0.779012,-3.79339,0.0015
0.7912357,-3.771124,0.0015
0.9126032,-3.866732,0.0015
0.924827,-3.844467,0.0015
0.8680728,-3.842285,0.0015
0.8802966,-3.82002,0.0015
1.001664,-3.915628,0.0015
1.013888,-3.893362,0.0015
0.9571336,-3.89118,0.0015
0.9693574,-3.868915,0.0015
1.090724,-3.964523,0.0015
1.102948,-3.942258,0.0015
1.046194,-3.940075,0.0015
1.058418,-3.91781,0.0015
1.179785,-4.013419,0.0015
1.192009,-3.991154,0.0015
1.135254,-3.988971,0.0015
1.147479,-3.966706,0.0015
1.268845,-4.062315,0.0015
1.281069,-4.04005,0.0015
1.224315,-4.037867,0.0015
1.236539,-4.015602,0.0015
1.357906,-4.11121,0.0015
1.37013,-4.088945,0.0015
1.313375,-4.086764,0.0015
1.325599,-4.064498,0.0015
1.446969,-4.160103,0.0015
1.459192,-4.137837,0.0015
1.402437,-4.135657,0.0015
1.414661,-4.113391,0.0015
1.536031,-4.208995,0.0015
1.548254,-4.18673,0.0015
1.4915,-4.184549,0.0015
1.503723,-4.162284,0.0015
1.625095,-4.257885,0.0015
1.637317,-4.235619,0.0015
1.580563,-4.233442,0.0015
1.592784,-4.211176,0.0015
1.714161,-4.306772,0.0015
1.726383,-4.284505,0.0015
1.669628,-4.282329,0.0015
1.68185,-4.260062,0.0015
1.803227,-4.355658,0.0015
1.815448,-4.333392,0.0015
1.758694,-4.331215,0.0015
1.770915,-4.308948,0.0015
1.892295,-4.404542,0.0015
1.904515,-4.382274,0.0015
1.84776,-4.380102,0.0015
1.85998,-4.357834,0.0015
1.981364,-4.453422,0.0015
1.993584,-4.431154,0.0015
1.936829,-4.428982,0.0015
1.949049,-4.406714,0.0015
2.070433,-4.502302,0.0015
2.082653,-4.480034,0.0015
2.025899,-4.477862,0.0015
2.038119,-4.455594,0.0015
2.159503,-4.55118,0.0015
2.171723,-4.528912,0.0015
2.114968,-4.526742,0.0015
2.127187,-4.504474,0.0015
2.248574,-4.600057,0.0015
2.260793,-4.57779,0.0015
2.204039,-4.575619,0.0015
2.216258,-4.553351,0.0015
2.337645,-4.648934,0.0015
2.349864,-4.626667,0.0015
2.293109,-4.624496,0.0015
2.305329,-4.602228,0.0015
2.426703,-4.697826,0.0015
2.438929,-4.675563,0.0015
2.382175,-4.673373,0.0015
2.394402,-4.65111,0.0015
2.515758,-4.746732,0.0015
2.527984,-4.724468,0.0015
2.47123,-4.722279,0.0015
2.483457,-4.700016,0.0015
2.604813,-4.795638,0.0015
2.617039,-4.773374,0.0015
2.560285,-4.771185,0.0015
2.572512,-4.748921,0.0015
2.69385,-4.844564,0.0015
2.706086,-4.822305,0.0015
2.649333,-4.820093,0.0015
2.661569,-4.797834,0.0015
2.782885,-4.893506,0.0015
2.795121,-4.871248,0.0015
2.738368,-4.869035,0.0015
2.750603,-4.846777,0.0015
2.87192,-4.942449,0.0015
2.884156,-4.92019,0.0015
2.827403,-4.917978,0.0015
2.839638,-4.895719,0.0015
2.960937,-4.991413,0.0015
2.973182,-4.969159,0.0015
2.91643,-4.966923,0.0015
2.928675,-4.944669,0.0015
3.049952,-5.040392,0.0015
3.062197,-5.018138,0.0015
3.005445,-5.015902,0.0015
3.017689,-4.993648,0.0015
3.138967,-5.089371,0.0015
3.151211,-5.067117,0.0015
3.094459,-5.064881,0.0015
3.106704,-5.042627,0.0015
3.22799,-5.138339,0.0015
3.24023,-5.116084,0.0015
3.183478,-5.113858,0.0015
3.195718,-5.091602,0.0015
3.317013,-5.187302,0.0015
3.329254,-5.165046,0.0015
3.272501,-5.162821,0.0015
3.284742,-5.140565,0.0015
3.406037,-5.236265,0.0015
3.418278,-5.214009,0.0015
3.361525,-5.211783,0.0015
3.373766,-5.189527,0.0015
3.495164,-5.285098,0.0015
3.507355,-5.262815,0.0015
3.450598,-5.260716,0.0015
3.462789,-5.238433,0.0015
3.584296,-5.333863,0.0015
3.596487,-5.311579,0.0015
3.53973,-5.30948,0.0015
3.551921,-5.287197,0.0015
3.673429,-5.382627,0.0015
3.68562,-5.360344,0.0015
3.628862,-5.358245,0.0015
3.641054,-5.335962,0.0015
3.762676,-5.431245,0.0015
3.774813,-5.408933,0.0015
3.718051,-5.40697,0.0015
3.730189,-5.384657,0.0015
3.851925,-5.479796,0.0015
3.864062,-5.457484,0.0015
3.8073,-5.45552,0.0015
3.819438,-5.433208,0.0015
3.941173,-5.528347,0.0015
3.953311,-5.506035,0.0015
3.896549,-5.504071,0.0015
3.908687,-5.481759,0.0015
4.030541,-5.576744,0.0015
4.042625,-5.554402,0.0015
3.985858,-5.552575,0.0015
3.997942,-5.530234,0.0015
4.119905,-5.625081,0.0015
4.13199,-5.602739,0.0015
4.075223,-5.600912,0.0015
4.087307,-5.578571,0.0015
4.20927,-5.673418,0.0015
4.221355,-5.651076,0.0015
4.164588,-5.649249,0.0015
4.176672,-5.626908,0.0015
4.298414,-5.722047,0.0015
4.310595,-5.699758,0.0015
4.253837,-5.697685,0.0015
4.266017,-5.675396,0.0015
4.387569,-5.77077,0.0015
4.39975,-5.748482,0.0015
4.342991,-5.746409,0.0015
4.355172,-5.72412,0.0015
4.476723,-5.819494,0.0015
4.488904,-5.797205,0.0015
4.432146,-5.795132,0.0015
4.444327,-5.772843,0.0015
4.565137,-5.869189,0.0015
4.577626,-5.847071,0.0015
4.520902,-5.844211,0.0015
4.533391,-5.822093,0.0015
4.653607,-5.919144,0.0015
4.666096,-5.897027,0.0015
4.609372,-5.894167,0.0015
4.621861,-5.872049,0.0015
4.742078,-5.9691,0.0015
4.754567,-5.946983,0.0015
4.697843,-5.944122,0.0015
4.710332,-5.922005,0.0015
4.829769,-6.020058,0.0015
4.842564,-5.998117,0.0015
4.785886,-5.994467,0.0015
4.798681,-5.972526,0.0015
4.917535,-6.071241,0.0015
4.930331,-6.049299,0.0015
4.873652,-6.04565,0.0015
4.886448,-6.023708,0.0015
5.005302,-6.122423,0.0015
5.018097,-6.100481,0.0015
4.961418,-6.096832,0.0015
4.974214,-6.07489,0.0015
5.09233,-6.174538,0.0015
5.105402,-6.152759,0.0015
5.048773,-6.148394,0.0015
5.061845,-6.126616,0.0015
5.179442,-6.226825,0.0015
5.192514,-6.205047,0.0015
5.135886,-6.200681,0.0015
5.148958,-6.178903,0.0015
5.266555,-6.279112,0.0015
5.279627,-6.257334,0.0015
5.222998,-6.252969,0.0015
5.23607,-6.231191,0.0015
5.356457,-6.327719,0.0015
5.368473,-6.305341,0.0015
5.311701,-6.303685,0.0015
5.323718,-6.281308,0.0015
5.445968,-6.375785,0.0015
5.457984,-6.353407,0.0015
5.401212,-6.351752,0.0015
5.413229,-6.329374,0.0015
5.535478,-6.423851,0.0015
5.547495,-6.401473,0.0015
5.490723,-6.399818,0.0015
5.50274,-6.37744,0.0015
5.629312,-6.465327,0.0015
5.639533,-6.442074,0.0015
5.582807,-6.444886,0.0015
5.593027,-6.421633,0.0015
5.722324,-6.506209,0.0015
5.732545,-6.482956,0.0015
5.675818,-6.485768,0.0015
5.686039,-6.462515,0.0015
5.815415,-6.546981,0.0015
5.825574,-6.523701,0.0015
5.768861,-6.526664,0.0015
5.77902,-6.503384,0.0015
5.912654,-6.579955,0.0015
5.9208,-6.555897,0.0015
5.864538,-6.563663,0.0015
5.872684,-6.539604,0.0015
6.008887,-6.612541,0.0015
6.017033,-6.588483,0.0015
5.96077,-6.596248,0.0015
5.968917,-6.57219,0.0015
6.105479,-6.644485,0.0015
6.113283,-6.620314,0.0015
6.057175,-6.62889,0.0015
6.064978,-6.604719,0.0015
6.206415,-6.665084,0.0015
6.211475,-6.640194,0.0015
6.156633,-6.654965,0.0015
6.161693,-6.630074,0.0015
6.305978,-6.685324,0.0015
6.311038,-6.660433,0.0015
6.256197,-6.675204,0.0015
6.261256,-6.650313,0.0015
6.406171,-6.703858,0.0015
6.410349,-6.678804,0.0015
6.356201,-6.695525,0.0015
6.360379,-6.670471,0.0015
6.50974,-6.704959,0.0015
6.509972,-6.67956,0.0015
6.458942,-6.704495,0.0015
6.459174,-6.679096,0.0015
6.611335,-6.705888,0.0015
6.611568,-6.680489,0.0015
6.560538,-6.705424,0.0015
6.56077,-6.680025,0.0015
6.713329,-6.704535,0.0015
6.712422,-6.679151,0.0015
6.662703,-6.706345,0.0015
6.661796,-6.680961,0.0015
6.815201,-6.688182,0.0015
6.811151,-6.663107,0.0015
6.76505,-6.696281,0.0015
6.761001,-6.671206,0.0015
6.915501,-6.671983,0.0015
6.911451,-6.646908,0.0015
6.865351,-6.680083,0.0015
6.861301,-6.655008,0.0015
7.015808,-6.652651,0.0015
7.010246,-6.627867,0.0015
6.966407,-6.663738,0.0015
6.960845,-6.638955,0.0015
7.113236,-6.619234,0.0015
7.104977,-6.595214,0.0015
7.065196,-6.635751,0.0015
7.056937,-6.611732,0.0015
7.209315,-6.586198,0.0015
7.201056,-6.562178,0.0015
7.161276,-6.602716,0.0015
7.153017,-6.578696,0.0015
7.304475,-6.548405,0.0015
7.293997,-6.525267,0.0015
7.258464,-6.56924,0.0015
7.247987,-6.546101,0.0015
7.392593,-6.494785,0.0015
7.37937,-6.473099,0.0015
7.349221,-6.521232,0.0015
7.335997,-6.499546,0.0015
7.479339,-6.441891,0.0015
7.466115,-6.420205,0.0015
7.435966,-6.468338,0.0015
7.422743,-6.446652,0.0015
7.565308,-6.386831,0.0015
7.55114,-6.36575,0.0015
7.523184,-6.415142,0.0015
7.509016,-6.39406,0.0015
7.647638,-6.326401,0.0015
7.632606,-6.305926,0.0015
7.606689,-6.356464,0.0015
7.591657,-6.33599,0.0015
7.729536,-6.266274,0.0015
7.714504,-6.2458,0.0015
7.688587,-6.296338,0.0015
7.673555,-6.275863,0.0015
7.809191,-6.201706,0.0015
7.792268,-6.182765,0.0015
7.771431,-6.235444,0.0015
7.754508,-6.216503,0.0015
7.880864,-6.128499,0.0015
7.862709,-6.110735,0.0015
7.845335,-6.164808,0.0015
7.827181,-6.147044,0.0015
7.95192,-6.05588,0.0015
7.933765,-6.038116,0.0015
7.916392,-6.092189,0.0015
7.898237,-6.074425,0.0015
8.021282,-5.980754,0.0015
8.002128,-5.964073,0.0015
7.987948,-6.019029,0.0015
7.968794,-6.002347,0.0015
8.08589,-5.901842,0.0015
8.066236,-5.885752,0.0015
8.053711,-5.94115,0.0015
8.034057,-5.925061,0.0015
8.150249,-5.823226,0.0015
8.130595,-5.807136,0.0015
8.11807,-5.862534,0.0015
8.098416,-5.846444,0.0015
8.212979,-5.742567,0.0015
8.192545,-5.72748,0.0015
8.182818,-5.783416,0.0015
8.162384,-5.768329,0.0015
8.271983,-5.659576,0.0015
8.251281,-5.644858,0.0015
8.242548,-5.700979,0.0015
8.221846,-5.686261,0.0015
8.330853,-5.57677,0.0015
8.310151,-5.562052,0.0015
8.301418,-5.618173,0.0015
8.280716,-5.603455,0.0015
8.387101,-5.491164,0.0015
8.365375,-5.478005,0.0015
8.3608,-5.534587,0.0015
8.339074,-5.521429,0.0015
8.43833,-5.403169,0.0015
8.416378,-5.39039,0.0015
8.412772,-5.447071,0.0015
8.39082,-5.434292,0.0015
8.489446,-5.315364,0.0015
8.467494,-5.302585,0.0015
8.463888,-5.359266,0.0015
8.441936,-5.346487,0.0015
8.538586,-5.225744,0.0015
8.516009,-5.214107,0.0015
8.515317,-5.27089,0.0015
8.492739,-5.259253,0.0015
8.58452,-5.135017,0.0015
8.561859,-5.123544,0.0015
8.561574,-5.180339,0.0015
8.538913,-5.168866,0.0015
8.630412,-5.044372,0.0015
8.607751,-5.032899,0.0015
8.607466,-5.089695,0.0015
8.584805,-5.078222,0.0015
8.674804,-4.952479,0.0015
8.651731,-4.941859,0.0015
8.653564,-4.998623,0.0015
8.630491,-4.988003,0.0015
8.717114,-4.86008,0.0015
8.69402,-4.849505,0.0015
8.695964,-4.906268,0.0015
8.67287,-4.895694,0.0015
8.759413,-4.767704,0.0015
8.736319,-4.757129,0.0015
8.738263,-4.813892,0.0015
8.715169,-4.803317,0.0015
8.798712,-4.673117,0.0015
8.774935,-4.664183,0.0015
8.780843,-4.720671,0.0015
8.757067,-4.711736,0.0015
8.834449,-4.57801,0.0015
8.810672,-4.569075,0.0015
8.816581,-4.625563,0.0015
8.792804,-4.616629,0.0015
8.870187,-4.482902,0.0015
8.84641,-4.473968,0.0015
8.852318,-4.530456,0.0015
8.828541,-4.521522,0.0015
8.904129,-4.386652,0.0015
8.880034,-4.378618,0.0015
8.88806,-4.434844,0.0015
8.863964,-4.426809,0.0015
8.936268,-4.29027,0.0015
8.912173,-4.282235,0.0015
8.920199,-4.338461,0.0015
8.896103,-4.330426,0.0015
8.968407,-4.193887,0.0015
8.944311,-4.185852,0.0015
8.952338,-4.242078,0.0015
8.928242,-4.234043,0.0015
8.998762,-4.096488,0.0015
8.974406,-4.089281,0.0015
8.984347,-4.1452,0.0015
8.959991,-4.137993,0.0015
9.027592,-3.999064,0.0015
9.003236,-3.991857,0.0015
9.013177,-4.047776,0.0015
8.988821,-4.040569,0.0015
9.056422,-3.901641,0.0015
9.032066,-3.894433,0.0015
9.042007,-3.950352,0.0015
9.017651,-3.943145,0.0015
9.081784,-3.802505,0.0015
9.057035,-3.796793,0.0015
9.07036,-3.852004,0.0015
9.045611,-3.846292,0.0015
9.104632,-3.703507,0.0015
9.079883,-3.697795,0.0015
9.093208,-3.753006,0.0015
9.068459,-3.747294,0.0015
9.12748,-3.60451,0.0015
9.102731,-3.598798,0.0015
9.116056,-3.654009,0.0015
9.091307,-3.648297,0.0015
9.147825,-3.504461,0.0015
9.122864,-3.499758,0.0015
9.13842,-3.554383,0.0015
9.113459,-3.54968,0.0015
9.166635,-3.404617,0.0015
9.141674,-3.399915,0.0015
9.15723,-3.454539,0.0015
9.132269,-3.449836,0.0015
9.185446,-3.304774,0.0015
9.160485,-3.300071,0.0015
9.176041,-3.354696,0.0015
9.15108,-3.349993,0.0015
9.201104,-3.203802,0.0015
9.175948,-3.200291,0.0015
9.194083,-3.254114,0.0015
9.168927,-3.250604,0.0015
9.215147,-3.103177,0.0015
9.18999,-3.099666,0.0015
9.208125,-3.153489,0.0015
9.182969,-3.149979,0.0015
9.229189,-3.002552,0.0015
9.204033,-2.999041,0.0015
9.222168,-3.052864,0.0015
9.197012,-3.049354,0.0015
9.238637,-2.900611,0.0015
9.213307,-2.898733,0.0015
9.23488,-2.951272,0.0015
9.20955,-2.949394,0.0015
9.246151,-2.79929,0.0015
9.220821,-2.797411,0.0015
9.242394,-2.84995,0.0015
9.217064,-2.848072,0.0015
9.253666,-2.697968,0.0015
9.228335,-2.696089,0.0015
9.249909,-2.748629,0.0015
9.224578,-2.74675,0.0015
9.253525,-2.595187,0.0015
9.228134,-2.595861,0.0015
9.254873,-2.645969,0.0015
9.229482,-2.646644,0.0015
9.250828,-2.493623,0.0015
9.225437,-2.494297,0.0015
9.252176,-2.544405,0.0015
9.226785,-2.545079,0.0015
9.248131,-2.392059,0.0015
9.22274,-2.392733,0.0015
9.249479,-2.442841,0.0015
9.224088,-2.443515,0.0015
9.235981,-2.289812,0.0015
9.210842,-2.29344,0.0015
9.243237,-2.340091,0.0015
9.218098,-2.343719,0.0015
9.22147,-2.189254,0.0015
9.19633,-2.192881,0.0015
9.228726,-2.239533,0.0015
9.203586,-2.243161,0.0015
9.206958,-2.088695,0.0015
9.181818,-2.092323,0.0015
9.214214,-2.138974,0.0015
9.189074,-2.142602,0.0015
9.181463,-1.988775,0.0015
9.157004,-1.995622,0.0015
9.195158,-2.037694,0.0015
9.170698,-2.044542,0.0015
9.154074,-1.890936,0.0015
9.129615,-1.897784,0.0015
9.167769,-1.939856,0.0015
9.143309,-1.946703,0.0015
9.126685,-1.793098,0.0015
9.102225,-1.799945,0.0015
9.14038,-1.842017,0.0015
9.11592,-1.848864,0.0015
9.085816,-1.698092,0.0015
9.062708,-1.708637,0.0015
9.106906,-1.744307,0.0015
9.083798,-1.754852,0.0015
9.043637,-1.605661,0.0015
9.020529,-1.616206,0.0015
9.064726,-1.651876,0.0015
9.041619,-1.662421,0.0015
9.001457,-1.51323,0.0015
8.97835,-1.523775,0.0015
9.022547,-1.559446,0.0015
8.999439,-1.56999,0.0015
8.943625,-1.427086,0.0015
8.922803,-1.441634,0.0015
8.972719,-1.468729,0.0015
8.951898,-1.483277,0.0015
8.885435,-1.343801,0.0015
8.864613,-1.358348,0.0015
8.91453,-1.385443,0.0015
8.893708,-1.399991,0.0015
8.827245,-1.260515,0.0015
8.806424,-1.275062,0.0015
8.85634,-1.302158,0.0015
8.835519,-1.316705,0.0015
8.751965,-1.188533,0.0015
8.734661,-1.207127,0.0015
8.789153,-1.223141,0.0015
8.771848,-1.241735,0.0015
8.677591,-1.119316,0.0015
8.660286,-1.13791,0.0015
8.714778,-1.153925,0.0015
8.697474,-1.172518,0.0015
8.603216,-1.050099,0.0015
8.585912,-1.068693,0.0015
8.640403,-1.084708,0.0015
8.623099,-1.103301,0.0015
8.516907,-0.9926489,0.0015
8.502913,-1.013846,0.0015
8.559301,-1.020639,0.0015
8.545306,-1.041835,0.0015
8.43212,-0.9366697,0.0015
8.418125,-0.9578665,0.0015
8.474514,-0.9646593,0.0015
8.460519,-0.9858561,0.0015
8.347055,-0.8809846,0.0015
8.333227,-0.9022906,0.0015
8.389643,-0.9086254,0.0015
8.375815,-0.9299314,0.0015
8.253355,-0.8373039,0.0015
8.242651,-0.8603383,0.0015
8.299424,-0.8587122,0.0015
8.28872,-0.8817465,0.0015
8.161218,-0.7944873,0.0015
8.150514,-0.8175217,0.0015
8.207287,-0.8158956,0.0015
8.196582,-0.83893,0.0015
8.068605,-0.7523362,0.0015
8.058266,-0.7755369,0.0015
8.114966,-0.7729959,0.0015
8.104628,-0.7961966,0.0015
7.970592,-0.7207643,0.0015
7.962821,-0.7449466,0.0015
8.018956,-0.7363049,0.0015
8.011186,-0.7604871,0.0015
7.873862,-0.6896833,0.0015
7.866092,-0.7138656,0.0015
7.922227,-0.7052238,0.0015
7.914457,-0.7294061,0.0015
7.776699,-0.6593702,0.0015
7.76934,-0.683681,0.0015
7.825292,-0.6740785,0.0015
7.817933,-0.6983893,0.0015
7.676825,-0.6364466,0.0015
7.67115,-0.6612046,0.0015
7.726341,-0.6477966,0.0015
7.720666,-0.6725546,0.0015
7.577794,-0.6137466,0.0015
7.572119,-0.6385046,0.0015
7.627309,-0.6250966,0.0015
7.621634,-0.6498546,0.0015
7.478372,-0.5918784,0.0015
7.473134,-0.6167326,0.0015
7.528059,-0.6023485,0.0015
7.522822,-0.6272027,0.0015
7.377467,-0.5756033,0.0015
7.373426,-0.6006798,0.0015
7.42762,-0.5836853,0.0015
7.423579,-0.6087618,0.0015
7.277161,-0.5594393,0.0015
7.27312,-0.5845158,0.0015
7.327314,-0.5675213,0.0015
7.323273,-0.5925978,0.0015
7.176522,-0.5441103,0.0015
7.172914,-0.5692527,0.0015
7.226792,-0.5513243,0.0015
7.223184,-0.5764668,0.0015
7.0751,-0.5330145,0.0015
7.072339,-0.558264,0.0015
7.125599,-0.5385356,0.0015
7.122838,-0.5637851,0.0015
6.974102,-0.5219722,0.0015
6.971341,-0.5472217,0.0015
7.024601,-0.5274933,0.0015
7.02184,-0.5527429,0.0015
6.872829,-0.5117184,0.0015
6.870473,-0.5370088,0.0015
6.923401,-0.5164306,0.0015
6.921044,-0.541721,0.0015
6.771182,-0.5046177,0.0015
6.769413,-0.529956,0.0015
6.821859,-0.5081561,0.0015
6.82009,-0.5334944,0.0015
6.669829,-0.497541,0.0015
6.66806,-0.5228793,0.0015
6.720506,-0.5010794,0.0015
6.718736,-0.5264177,0.0015
6.568196,-0.4913818,0.0015
6.566892,-0.5167483,0.0015
6.61892,-0.4939885,0.0015
6.617616,-0.5193551,0.0015
6.466389,-0.4882048,0.0015
6.465598,-0.5135925,0.0015
6.517165,-0.489788,0.0015
6.516373,-0.5151757,0.0015
6.364839,-0.4850385,0.0015
6.364047,-0.5104261,0.0015
6.415614,-0.4866217,0.0015
6.414822,-0.5120093,0.0015
6.26295,-0.4831804,0.0015
6.262815,-0.5085801,0.0015
6.313735,-0.4834493,0.0015
6.3136,-0.508849,0.0015
6.161089,-0.4848338,0.0015
6.161502,-0.5102304,0.0015
6.211883,-0.4840078,0.0015
6.212296,-0.5094045,0.0015
6.059503,-0.4864856,0.0015
6.059916,-0.5118822,0.0015
6.110296,-0.4856597,0.0015
6.110709,-0.5110563,0.0015
5.957603,-0.4896386,0.0015
5.958761,-0.5150122,0.0015
6.008337,-0.487323,0.0015
6.009495,-0.5126966,0.0015
5.855978,-0.4961451,0.0015
5.857602,-0.5214932,0.0015
5.906675,-0.4928982,0.0015
5.908298,-0.5182463,0.0015
5.754586,-0.5026388,0.0015
5.75621,-0.5279869,0.0015
5.805282,-0.499392,0.0015
5.806906,-0.52474,0.0015
5.652995,-0.5103293,0.0015
5.655206,-0.5356329,0.0015
5.703596,-0.505908,0.0015
5.705807,-0.5312115,0.0015
5.551746,-0.5202684,0.0015
5.554228,-0.5455468,0.0015
5.602303,-0.5153051,0.0015
5.604785,-0.5405836,0.0015
5.450632,-0.5301949,0.0015
5.453114,-0.5554734,0.0015
5.501189,-0.5252316,0.0015
5.503671,-0.5505101,0.0015
5.349463,-0.5405059,0.0015
5.352132,-0.5657653,0.0015
5.399981,-0.5351677,0.0015
5.402651,-0.5604271,0.0015
5.248421,-0.5514325,0.0015
5.251152,-0.5766853,0.0015
5.298927,-0.5459709,0.0015
5.301658,-0.5712236,0.0015
5.14741,-0.5623558,0.0015
5.150141,-0.5876086,0.0015
5.197916,-0.5568942,0.0015
5.200647,-0.5821469,0.0015
5.046527,-0.5724195,0.0015
5.048838,-0.5977141,0.0015
5.097114,-0.5677966,0.0015
5.099426,-0.5930912,0.0015
4.945361,-0.5812926,0.0015
4.947581,-0.6065955,0.0015
4.995967,-0.576854,0.0015
4.998186,-0.6021568,0.0015
4.84415,-0.5901698,0.0015
4.846369,-0.6154727,0.0015
4.894756,-0.5857312,0.0015
4.896975,-0.6110341,0.0015
4.743429,-0.5964376,0.0015
4.744364,-0.6218204,0.0015
4.794186,-0.5945685,0.0015
4.795121,-0.6199513,0.0015
4.641957,-0.5995245,0.0015
4.64273,-0.6249127,0.0015
4.692734,-0.5979797,0.0015
4.693506,-0.6233679,0.0015
4.540404,-0.6026141,0.0015
4.541177,-0.6280024,0.0015
4.591181,-0.6010693,0.0015
4.591953,-0.6264575,0.0015
4.439759,-0.602163,0.0015
4.438759,-0.6275433,0.0015
4.490514,-0.6041629,0.0015
4.489514,-0.6295432,0.0015
4.33829,-0.5978485,0.0015
4.337211,-0.6232256,0.0015
4.389044,-0.6000066,0.0015
4.387965,-0.6253836,0.0015
4.236782,-0.5935325,0.0015
4.235703,-0.6189095,0.0015
4.287536,-0.5956905,0.0015
4.286457,-0.6210676,0.0015
4.136665,-0.5850424,0.0015
4.133515,-0.6102463,0.0015
4.187073,-0.5913429,0.0015
4.183923,-0.6165468,0.0015
4.03585,-0.5724415,0.0015
4.032699,-0.5976454,0.0015
4.086257,-0.578742,0.0015
4.083107,-0.6039459,0.0015
3.935034,-0.5598406,0.0015
3.931884,-0.5850445,0.0015
3.985442,-0.5661411,0.0015
3.982292,-0.591345,0.0015
3.835946,-0.5430079,0.0015
3.830798,-0.5678808,0.0015
3.885692,-0.5533036,0.0015
3.880544,-0.5781764,0.0015
3.736455,-0.5224165,0.0015
3.731307,-0.5472894,0.0015
3.7862,-0.5327122,0.0015
3.781052,-0.5575851,0.0015
3.636963,-0.5018252,0.0015
3.631815,-0.526698,0.0015
3.686709,-0.5121208,0.0015
3.681561,-0.5369937,0.0015
3.539306,-0.4774243,0.0015
3.532445,-0.5018801,0.0015
3.588218,-0.4911468,0.0015
3.581357,-0.5156025,0.0015
3.441483,-0.4499795,0.0015
3.434622,-0.4744353,0.0015
3.490395,-0.4637019,0.0015
3.483534,-0.4881577,0.0015
3.34366,-0.4225347,0.0015
3.336799,-0.4469904,0.0015
3.392572,-0.4362571,0.0015
3.385711,-0.4607128,0.0015
3.247679,-0.3917336,0.0015
3.239377,-0.4157385,0.0015
3.295688,-0.4083376,0.0015
3.287386,-0.4323425,0.0015
3.151659,-0.3585255,0.0015
3.143357,-0.3825305,0.0015
3.199669,-0.3751296,0.0015
3.191367,-0.3991345,0.0015
3.055639,-0.3253175,0.0015
3.047337,-0.3493224,0.0015
3.103649,-0.3419215,0.0015
3.095347,-0.3659265,0.0015
2.961923,-0.288384,0.0015
2.952088,-0.3118026,0.0015
3.00876,-0.3080546,0.0015
2.998925,-0.3314731,0.0015
2.868249,-0.2490429,0.0015
2.858414,-0.2724615,0.0015
2.915086,-0.2687135,0.0015
2.905251,-0.292132,0.0015
2.774575,-0.2097019,0.0015
2.764739,-0.2331204,0.0015
2.821412,-0.2293724,0.0015
2.811577,-0.2527909,0.0015
2.682277,-0.1683244,0.0015
2.671639,-0.1913895,0.0015
2.728407,-0.1896,0.0015
2.717769,-0.2126651,0.0015
2.590016,-0.1257732,0.0015
2.579379,-0.1488382,0.0015
2.636146,-0.1470488,0.0015
2.625509,-0.1701138,0.0015
2.497756,-0.08322193,0.0015
2.487118,-0.106287,0.0015
2.543886,-0.1044975,0.0015
2.533248,-0.1275626,0.0015
2.406705,-0.03896554,0.0015
2.395426,-0.06172386,0.0015
2.452222,-0.06152381,0.0015
2.440943,-0.08428213,0.0015
2.315672,0.006151004,0.0015
2.304393,-0.01660732,0.0015
2.361189,-0.01640727,0.0015
2.34991,-0.03916559,0.0015
2.224639,0.05126755,0.0015
2.21336,0.02850923,0.0015
2.270156,0.02870928,0.0015
2.258876,0.005950957,0.0015
2.135735,0.09920772,0.0015
2.123437,0.07698349,0.0015
2.180184,0.07461151,0.0015
2.167885,0.05238727,0.0015
2.046838,0.1484001,0.0015
2.03454,0.1261759,0.0015
2.091287,0.1238039,0.0015
2.078989,0.1015797,0.0015
1.957941,0.1975926,0.0015
1.945643,0.1753683,0.0015
2.00239,0.1729964,0.0015
1.990092,0.1507721,0.0015
1.869419,0.2472624,0.0015
1.856956,0.2251304,0.0015
1.913683,0.2223359,0.0015
1.90122,0.2002039,0.0015
1.780891,0.2971156,0.0015
1.768428,0.2749835,0.0015
1.825155,0.272189,0.0015
1.812692,0.250057,0.0015
1.692363,0.3469687,0.0015
1.6799,0.3248367,0.0015
1.736627,0.3220421,0.0015
1.724164,0.2999101,0.0015
1.606637,0.4002239,0.0015
1.593042,0.3787683,0.0015
1.649548,0.3730344,0.0015
1.635953,0.3515788,0.0015
1.520814,0.4546029,0.0015
1.507219,0.4331473,0.0015
1.563725,0.4274134,0.0015
1.550131,0.4059578,0.0015
1.434992,0.508982,0.0015
1.421397,0.4875264,0.0015
1.477903,0.4817924,0.0015
1.464308,0.4603369,0.0015
1.350245,0.5645916,0.0015
1.336256,0.5433913,0.0015
1.392646,0.5366126,0.0015
1.378656,0.5154123,0.0015
1.265444,0.6205497,0.0015
1.251454,0.5993493,0.0015
1.307845,0.5925706,0.0015
1.293855,0.5713703,0.0015
1.180643,0.6765077,0.0015
1.166653,0.6553074,0.0015
1.223043,0.6485287,0.0015
1.209054,0.6273284,0.0015
1.098848,0.7357185,0.0015
1.083853,0.7152172,0.0015
1.13985,0.7057279,0.0015
1.124855,0.6852267,0.0015
1.016843,0.7956996,0.0015
1.001848,0.7751983,0.0015
1.057845,0.765709,0.0015
1.04285,0.7452078,0.0015
0.9348379,0.8556807,0.0015
0.9198426,0.8351794,0.0015
0.9758404,0.8256901,0.0015
0.9608451,0.8051888,0.0015
0.8561214,0.9189232,0.0015
0.8401474,0.8991751,0.0015
0.8956177,0.8869751,0.0015
0.8796436,0.8672269,0.0015
0.7771289,0.9828195,0.0015
0.7611548,0.9630713,0.0015
0.8166252,0.9508713,0.0015
0.8006511,0.9311232,0.0015
0.6981363,1.046716,0.0015
0.6821622,1.026968,0.0015
0.7376326,1.014768,0.0015
0.7216585,0.9950195,0.0015
0.6218505,1.1131,0.0015
0.6051531,1.093959,0.0015
0.6601315,1.079705,0.0015
0.6434341,1.060564,0.0015
0.5452885,1.179889,0.0015
0.5285911,1.160748,0.0015
0.5835695,1.146494,0.0015
0.5668721,1.127354,0.0015
0.4687264,1.246678,0.0015
0.4520291,1.227538,0.0015
0.5070074,1.213284,0.0015
0.4903101,1.194143,0.0015
0.3973341,1.317788,0.0015
0.3794139,1.299788,0.0015
0.4333356,1.281948,0.0015
0.4154154,1.263947,0.0015
0.325331,1.389469,0.0015
0.3074109,1.371468,0.0015
0.3613326,1.353629,0.0015
0.3434124,1.335628,0.0015
0.2535215,1.461259,0.0015
0.2355257,1.443334,0.0015
0.2893674,1.425272,0.0015
0.2713715,1.407346,0.0015
0.1866501,1.536762,0.0015
0.1676392,1.519917,0.0015
0.2203396,1.49874,0.0015
0.2013286,1.481896,0.0015
0.1192711,1.612806,0.0015
0.1002602,1.595961,0.0015
0.1529606,1.574784,0.0015
0.1339497,1.557939,0.0015
0.05226779,1.689032,0.0015
0.03312389,1.672339,0.0015
0.08564815,1.650752,0.0015
0.06650425,1.634059,0.0015
-0.01024941,1.768325,0.0015
-0.03019308,1.752596,0.0015
0.02120913,1.728438,0.0015
0.001265463,1.712708,0.0015
-0.07316649,1.8481,0.0015
-0.09311017,1.83237,0.0015
-0.04170795,1.808212,0.0015
-0.06165162,1.792483,0.0015
-0.1354115,1.928152,0.0015
-0.1555703,1.9127,0.0015
-0.1045174,1.887849,0.0015
-0.1246763,1.872396,0.0015
-0.1926029,2.011334,0.0015
-0.2135308,1.99694,0.0015
-0.163815,1.969478,0.0015
-0.1847428,1.955084,0.0015
-0.2501789,2.095045,0.0015
-0.2711067,2.080651,0.0015
-0.2213909,2.05319,0.0015
-0.2423187,2.038796,0.0015
-0.3067608,2.17909,0.0015
-0.327971,2.165116,0.0015
-0.2788257,2.136691,0.0015
-0.3000359,2.122717,0.0015
-0.3579632,2.266101,0.0015
-0.3798521,2.253216,0.0015
-0.3321923,2.222323,0.0015
-0.3540812,2.209438,0.0015
-0.409505,2.353657,0.0015
-0.4313939,2.340772,0.0015
-0.3837341,2.309879,0.0015
-0.405623,2.296994,0.0015
-0.4595878,2.441582,0.0015
-0.4818359,2.429327,0.0015
-0.4350964,2.39712,0.0015
-0.4573444,2.384865,0.0015
-0.5035329,2.532442,0.0015
-0.5263969,2.521379,0.0015
-0.4814063,2.486714,0.0015
-0.5042704,2.475651,0.0015
-0.547786,2.623899,0.0015
-0.57065,2.612835,0.0015
-0.5256594,2.57817,0.0015
-0.5485235,2.567107,0.0015
-0.5903825,2.715637,0.0015
-0.6135881,2.705309,0.0015
-0.5697417,2.669259,0.0015
-0.5929473,2.658931,0.0015
-0.6273174,2.809681,0.0015
-0.6509583,2.800393,0.0015
-0.6087411,2.762399,0.0015
-0.632382,2.753111,0.0015
-0.66447,2.904244,0.0015
-0.6881109,2.894956,0.0015
-0.6458937,2.856963,0.0015
-0.6695346,2.847674,0.0015
-0.699821,2.99898,0.0015
-0.7237675,2.990511,0.0015
-0.6828935,2.951116,0.0015
-0.70684,2.942647,0.0015
-0.7300615,3.095493,0.0015
-0.7542989,3.087897,0.0015
-0.7148685,3.047018,0.0015
-0.7391059,3.039422,0.0015
-0.7604474,3.192443,0.0015
-0.7846849,3.184846,0.0015
-0.7452545,3.143968,0.0015
-0.7694919,3.136371,0.0015
-0.7888445,3.289443,0.0015
-0.8133521,3.28277,0.0015
-0.7755053,3.240456,0.0015
-0.800013,3.233783,0.0015
-0.8124768,3.387863,0.0015
-0.8371745,3.381931,0.0015
-0.8006131,3.338468,0.0015
-0.8253108,3.332536,0.0015
-0.8362042,3.486654,0.0015
-0.8609018,3.480722,0.0015
-0.8243405,3.437259,0.0015
-0.8490381,3.431327,0.0015
-0.8578593,3.585361,0.0015
-0.882772,3.580409,0.0015
-0.8479603,3.535559,0.0015
-0.872873,3.530607,0.0015
-0.8752593,3.685157,0.0015
-0.9002816,3.680793,0.0015
-0.8665319,3.635112,0.0015
-0.8915542,3.630748,0.0015
-0.8927141,3.785246,0.0015
-0.9177364,3.780882,0.0015
-0.8839867,3.735201,0.0015
-0.909009,3.730838,0.0015
-0.9081365,3.885132,0.0015
-0.9333097,3.881745,0.0015
-0.901366,3.834802,0.0015
-0.9265393,3.831416,0.0015
-0.9199388,3.985826,0.0015
-0.9451661,3.982869,0.0015
-0.9140241,3.935372,0.0015
-0.9392514,3.932414,0.0015
-0.9317682,4.086735,0.0015
-0.9569954,4.083778,0.0015
-0.9258535,4.036281,0.0015
-0.9510808,4.033323,0.0015
-0.9413651,4.187293,0.0015
-0.9666963,4.185425,0.0015
-0.9376309,4.136645,0.0015
-0.9629621,4.134777,0.0015
-0.947478,4.28854,0.0015
-0.9728319,4.287009,0.0015
-0.9444159,4.237832,0.0015
-0.9697697,4.236301,0.0015
-0.9536023,4.389955,0.0015
-0.9789561,4.388424,0.0015
-0.9505402,4.339248,0.0015
-0.975894,4.337716,0.0015
